time,mid,name,sex,sign,level
2023-05-02 11:30:42.792090,2,碧诗,男,https://kami.im 直男过气网红 #  We Are Star Dust,6
2023-05-02 11:31:37.308841,102,工藤新一,男,真相永远只有一个,6
2023-05-02 11:31:40.539172,202,ACFUN,保密,天下漫友是一家 （个人小号,2
2023-05-02 11:31:43.722109,302,早期测试账号,保密,,6
2023-05-02 11:31:46.931332,402,泷arisa,保密,茄茄！,6
2023-05-02 11:31:50.131229,502,桃水纪Mizuki,保密,"个人势沾花惹草系小花仙桃水纪~！想要和大家一直走下去！麻麻是@Bison仓鼠 录播@桃水纪Mizuki录播机 聊天群：750044913
",5
2023-05-02 11:31:53.384529,602,一群城管,保密,饭团的野望！！！,4
2023-05-02 11:31:56.612818,702,5528111,保密,,5
2023-05-02 11:31:59.878683,802,松花蛋,保密,奔四老家伙一个，见证了这个网站的兴起。,6
2023-05-02 11:32:03.115482,902,MyLoli,保密,最后的倒计时,4
2023-05-02 11:32:06.365466,1002,祖先,保密, ,4
2023-05-02 11:32:09.612833,1102,Fortune,保密,,1
2023-05-02 11:32:12.819224,1202,jianjiuss,男,,6
2023-05-02 11:32:16.043591,1302,給朕滿上,男,大声告诉我，我是世界第几帅？,6
2023-05-02 11:32:19.291511,1402,拉克丝库莱茵,保密,,1
2023-05-02 11:32:22.499685,1502,芙兰朵露之仆,保密,信芙兰朵露得永生！,1
2023-05-02 11:32:25.697240,1602,rinki,保密,,3
2023-05-02 11:32:28.912108,1702,mzxyztt,保密,,6
2023-05-02 11:32:32.150929,1802,蓬萊山輝夜,保密,,1
2023-05-02 11:32:35.520818,1902,輝夜Official,保密,,3
2023-05-02 11:32:38.768443,2002,結城美柑,男,,5
2023-05-02 11:32:41.964141,2102,Alice工坊,保密,,1
2023-05-02 11:32:45.217734,2202,飞翼枫,保密,默默的沉积，只为最后的怒放。,6
2023-05-02 11:32:48.431667,2302,鸡毛,保密,,6
2023-05-02 11:32:51.733812,2402,晴空,保密,,1
2023-05-02 11:32:54.932355,2502,凉心oo,男,,5
2023-05-02 11:32:58.121617,2602,機械人魚,男,成分复杂的b站活化石  但没活,5
2023-05-02 11:33:01.351724,2702,yuliya,保密,,5
2023-05-02 11:33:04.555684,2802,开胃法师火环环,保密,春困夏倦秋乏冬眠,6
2023-05-02 11:33:07.818578,2902,虛子,保密,,1
2023-05-02 11:33:11.039635,3002,土鳌岛炼炁士,保密,没错我就是被你们法教唾弃的正统，个人对任何教派没有恶意，不想无意义争吵。,6
2023-05-02 11:33:14.227937,3102,唐牛才是真正的食神233,男,黯然销魂饭,6
2023-05-02 11:33:17.475614,3202,noaaaaa,保密,,6
2023-05-02 11:33:20.731686,3302,把你给佐奈☆佐奈掉,保密,今宵は何曜日が？,6
2023-05-02 11:33:23.925461,3402,白河愁,保密,,5
2023-05-02 11:33:38.469510,3402,白河愁,保密,,5
2023-05-02 11:33:40.654480,3502,Ash,保密,,6
2023-05-02 11:33:42.834189,3602,swety,保密,,4
2023-05-02 11:33:45.091028,3702,空,保密,,5
2023-05-02 11:33:47.354102,3802,艾莉希雅灬ver,保密,,5
2023-05-02 11:33:49.587392,3902,北条卡莲,保密,,2
2023-05-02 11:33:51.808153,4002,你们都是笨蛋,保密,"哇哈哈
***问题好有趣",5
2023-05-02 11:33:54.016017,4102,19910219,保密,,5
2023-05-02 11:33:56.199205,4202,维多利亚III,男,"原神前玩家，沉迷二创无法自拔
",4
2023-05-02 11:33:58.395082,4302,鸢一折纸乚,保密,如果这一路历尽磨难最后没把来时的目的完成，这一路流离又算什么。,3
2023-05-02 11:34:00.644848,4402,囧·Solomon,保密,,5
2023-05-02 11:34:02.863425,4502,両儀式,保密,,6
2023-05-02 11:34:05.093014,4602,peng,保密,,1
2023-05-02 11:34:07.271540,4702,AmiGo,保密,,1
2023-05-02 11:34:09.541169,4802,feifeiking,保密,,1
2023-05-02 11:34:11.723050,4902,years,保密,,3
2023-05-02 11:34:13.958386,5002,维希,保密,,3
2023-05-02 11:34:16.155482,5102,变成回忆的你,保密,,2
2023-05-02 11:34:18.353968,5202,恋色之风,保密,,2
2023-05-02 11:34:20.535201,5302,泠の蓝,男,,6
2023-05-02 11:34:23.070522,5402,singong,男,,6
2023-05-02 11:34:25.477259,5502,Yisa,保密,相约榕树下,5
2023-05-02 11:34:27.649486,5602,宇宙鱼,保密,非典型欧美音乐UP,5
2023-05-02 11:34:29.869700,5702,在车窗画画,保密,,5
2023-05-02 11:34:32.109474,5802,初,保密,,3
2023-05-02 11:34:34.343785,5902,雾雨魔理莎,保密,,1
2023-05-02 11:34:36.572929,6002,不傲娇会死星娘,保密,,6
2023-05-02 11:34:38.779819,6102,Halu,保密,,6
2023-05-02 11:34:40.982053,6202,彼方和歌,保密,留一个微信号buwen721，欢迎有缘人加，请注明来意,4
2023-05-02 11:34:43.198664,6302,NICEBOAT,保密,,4
2023-05-02 11:34:45.410846,6402,脉冲耳机,保密,吼吼~,6
2023-05-02 11:34:47.714478,6502,в.α.d,保密,,6
2023-05-02 11:34:49.922317,6602,activison,男,,6
2023-05-02 11:34:52.128466,6702,宝可梦超人柚子,保密,,6
2023-05-02 11:34:54.336844,6802,藤原妹红xsk,保密,,5
2023-05-02 11:34:56.547612,6902,注册你妹,女,,5
2023-05-02 11:34:58.786629,7002,bili_7002,保密,,2
2023-05-02 11:35:00.998375,7102,哥哥,保密,,4
2023-05-02 11:35:03.272007,7202,纯洁de牛牛,男,,4
2023-05-02 11:35:05.467770,7302,自主規制,保密,,4
2023-05-02 11:35:07.699736,7402,小汤姆,保密,就随便搬搬...,6
2023-05-02 11:35:09.882167,7502,choujuw,男,,5
2023-05-02 11:35:12.099656,7602,卡卡,保密,,1
2023-05-02 11:35:14.303096,7702,赫尔斯,男,,6
2023-05-02 11:35:16.545832,7802,某叵测の超SB,保密,V一直相信，生命会消失，但信念会一直存在;人是血肉之躯，而信念刀枪不入 ,2
2023-05-02 11:35:19.078830,7902,txlwW2SHIh,保密,,2
2023-05-02 11:35:21.332131,8002,流水,保密,,1
2023-05-02 11:35:23.519133,8102,妖夢の半靈,保密,...,4
2023-05-02 11:35:25.777661,8202,Humaru,保密,(:3||Z,2
2023-05-02 11:35:27.953751,8302,北风落,保密,,1
2023-05-02 11:35:30.331706,8402,小G,保密,,5
2023-05-02 11:35:32.618423,8502,ケロロの金魂,保密,,5
2023-05-02 11:35:34.809038,8602,starryforest,保密,,5
2023-05-02 11:35:37.003112,8702,凌兰_,保密,,6
2023-05-02 11:35:39.185506,8802,春哥男朋友,保密,,1
2023-05-02 11:35:41.387368,8902,完毕,男,,5
2023-05-02 11:35:43.625369,9002,塑料色坏罐头,男,,5
2023-05-02 11:35:45.810341,9102,红白十万无节操,保密,,1
2023-05-02 11:35:48.018741,9202,多冰少沙,保密,《太阳风计划 Project Nornium》制作人    游戏前瞻QQ群：191045527,5
2023-05-02 11:35:50.209860,9302,食橥肉,保密,,5
2023-05-02 11:35:52.387044,9402,elestill,保密,,6
2023-05-02 11:35:54.596752,9502,苍崎青子,保密,,1
2023-05-02 11:35:56.808891,9602,suzu,保密,,1
2023-05-02 11:35:59.033738,9702,晨,保密,,5
2023-05-02 11:36:01.699835,9802,Teruko,保密,偶尔搬搬,6
2023-05-02 11:36:03.890456,9902,Qrox,男,,5
2023-05-02 11:36:16.938772,10502,藤林·杏,保密,,2
2023-05-02 11:36:38.924219,11502,暮小景,保密,偶尔发点游戏和日常,6
2023-05-02 11:36:41.204147,11602,小弟弟,保密,,5
2023-05-02 11:39:49.851407,20302,AJ,保密,,1
2023-05-02 11:41:53.151929,26002,小蓝伞,男,,6
2023-05-02 11:42:17.294927,27102,利云,保密,,2
2023-05-02 11:42:52.931039,28702,悠殇哥,保密,,4
2023-05-02 11:45:25.093571,35702,木耳,保密,组曲最爱~~,6
2023-05-02 11:46:25.948923,38502,凉月儿,保密,,5
